TeamID,Key,School
1,SMU,SMU
2,TEMPL,Temple
3,UCONN,Connecticut
4,CIN,Cincinnati
5,TULSA,Tulsa
6,HOU,Houston
7,MPHS,Memphis
8,UCF,UCF
9,ECAR,East Carolina
10,TULANE,Tulane
11,SFL,South Florida
12,STBR,Stony Brook
13,ALBNY,Albany
14,NHAMP,New Hampshire
15,VERM,Vermont
16,MASLOW,Massachusetts-Lowell
17,MAINE,Maine
18,HARTFD,Hartford
19,UMBC,UMBC
20,BING,Binghamton
21,NCAR,North Carolina
22,VIR,Virginia
23,MIA,Miami
24,LOU,Louisville
25,ND,Notre Dame
26,DUKE,Duke
27,CLMSN,Clemson
28,PITT,Pittsburgh
29,FLST,Florida State
30,SYRA,Syracuse
31,VTECH,Virginia Tech
32,GTECH,Georgia Tech
33,NCST,North Carolina State
34,WAKE,Wake Forest
35,BOSCOL,Boston College
36,NFL,North Florida
37,JAX,Jacksonville
38,FLGC,Florida Gulf Coast
39,NJIT,NJIT
40,LIPSC,Lipscomb
41,STETSN,Stetson
42,KENEST,Kennesaw State
43,SCUP,USC Upstate
44,DAY,Dayton
45,VCU,VCU
46,STJOE,Saint Joseph's
47,STBON,St. Bonaventure
48,GEOWS,George Washington
49,DAVID,Davidson
50,RI,Rhode Island
51,DUQ,Duquesne
52,RICH,Richmond
53,FORDM,Fordham
54,STLOU,Saint Louis
55,UMASS,Massachusetts
56,GMSN,George Mason
57,LASAL,La Salle
58,VILL,Villanova
59,XAV,Xavier
60,SETON,Seton Hall
61,CREIGH,Creighton
62,GEORGE,Georgetown
63,PROV,Providence
64,BUTL,Butler
65,MARQ,Marquette
66,DEPAUL,DePaul
67,STJOHN,St. John's
68,MONT,Montana
69,WEBST,Weber State
70,EWASH,Eastern Washington
71,NDAK,North Dakota
72,IDHST,Idaho State
73,IDAHO,Idaho
74,MONST,Montana State
75,NCOL,Northern Colorado
76,PORTST,Portland State
77,SACST,Sacramento State
78,SUTAH,Southern Utah
79,NARZ,Northern Arizona
80,NCASHE,UNC Asheville
81,COAST,Coastal Carolina
82,WINTH,Winthrop
83,GARDWB,Gardner-Webb
84,LIBRTY,Liberty
85,HPNT,High Point
86,RADF,Radford
87,LONGWD,Longwood
88,CHSOU,Charleston Southern
89,PRESB,Presbyterian
90,CAMP,Campbell
91,IOWA,Iowa
92,MARY,Maryland
93,IND,Indiana
94,PUR,Purdue
95,MICH,Michigan
96,WISC,Wisconsin
97,MST,Michigan State
98,OHIOST,Ohio State
99,NEBR,Nebraska
100,NW,Northwestern
101,PENNST,Penn State
102,ILL,Illinois
103,RUTGER,Rutgers
104,MINNST,Minnesota
105,OKL,Oklahoma
106,KAN,Kansas
107,WVIR,West Virginia
108,BAYL,Baylor
109,TX,Texas
110,IOWAST,Iowa State
111,TXTECH,Texas Tech
112,KANST,Kansas State
113,OKST,Oklahoma State
114,TCU,TCU
115,HAWAII,Hawaii
116,UCIRV,UC Irvine
117,LBST,Long Beach State
118,UCDV,UC Davis
119,USCB,UC Santa Barbara
120,UCRVS,UC Riverside
121,CSUNR,CSUN
122,CALPOL,Cal Poly
123,CSUFL,Cal State Fullerton
124,NCW,UNCW
125,WM,William & Mary
126,JMAD,James Madison
127,TOWS,Towson
128,HOFST,Hofstra
129,CHAR,Charleston
130,ELON,Elon
131,NEAST,Northeastern
132,DREXEL,Drexel
133,DEL,Delaware
134,UAB,UAB
135,MTNST,Middle Tennessee
136,MARSH,Marshall
137,LOUTCH,Louisiana Tech
138,OLD,Old Dominion
139,UTEP,UTEP
140,FLINT,FIU
141,NTX,North Texas
142,CHARLT,Charlotte
143,SOUMIS,Southern Miss
144,WKENT,Western Kentucky
145,FLATL,Florida Atlantic
146,RICE,Rice
147,UTSA,UTSA
148,VALP,Valparaiso
149,OAK,Oakland
150,WRGHT,Wright State
151,WBD,Milwaukee
152,GB,Green Bay
153,DET,Detroit
154,NKENT,Northern Kentucky
155,YNGST,Youngstown State
156,CLVST,Cleveland State
157,ILLCHI,UIC
158,YALE,Yale
159,COLMB,Columbia
160,PRNCE,Princeton
161,PENN,Penn
162,CORNEL,Cornell
163,BROWN,Brown
164,HARVRD,Harvard
165,DART,Dartmouth
166,MONM,Monmouth
167,IONA,Iona
168,SIENA,Siena
169,STPETE,Saint Peter's
170,FAIR,Fairfield
171,MANH,Manhattan
172,CANS,Canisius
173,RIDER,Rider
174,QUIN,Quinnipiac
175,NIAGRA,Niagara
176,MARIST,Marist
177,AKRON,Akron
178,KENTST,Kent State
179,BUF,Buffalo
180,OHIO,Ohio
181,BOWLGR,Bowling Green
182,MIAOH,Miami (OH)
183,TOLEDO,Toledo
184,BALLST,Ball State
185,CMICH,Central Michigan
186,NILL,Northern Illinois
187,EMICH,Eastern Michigan
188,WMICH,Western Michigan
189,HAMP,Hampton
190,SCARST,South Carolina State
191,NORFST,Norfolk State
192,BCOOK,Bethune-Cookman
193,MDES,Maryland Eastern Shore
194,SAVST,Savannah State
195,HOWRD,Howard
196,NCAT,North Carolina A&T
197,NCC,North Carolina Central
198,FLAM,Florida A&M
199,MORGST,Morgan State
200,COPPST,Coppin State
201,DELST,Delaware State
202,WICHST,Wichita State
203,EVANS,Evansville
204,ILLST,Illinois State
205,SILL,Southern Illinois
206,NIOWA,Northern Iowa
207,INDST,Indiana State
208,MSRST,Missouri State
209,LOYCH,Loyola Chicago
210,BRADLY,Bradley
211,DRAKE,Drake
212,SDST,San Diego State
213,FREST,Fresno State
214,NMX,New Mexico
215,BOISE,Boise State
216,NEVADA,Nevada
217,COLST,Colorado State
218,UNLV,UNLV
219,WYOM,Wyoming
220,UTAHST,Utah State
221,AIRF,Air Force
222,SJST,San Jose State
223,WAG,Wagner
224,FAIRDK,Fairleigh Dickinson
225,STFPA,Saint Francis U
226,MSTM,Mount St. Mary's
227,SACRED,Sacred Heart
228,STF,St. Francis Brooklyn
229,LIUB,LIU
230,ROBMS,Robert Morris
231,BRYANT,Bryant
232,CENCON,Central Connecticut State
233,BELM,Belmont
234,TENTCH,Tennessee Tech
235,TENST,Tennessee State
236,MHST,Morehead State
237,EKENT,Eastern Kentucky
238,JAXST,Jacksonville State
239,EILL,Eastern Illinois
240,MURST,Murray State
241,TMRT,UT Martin
242,AUSP,Austin Peay
243,SEMST,Southeast Missouri State
244,SIUE,SIUE
245,ORE,Oregon
246,USC,USC
247,ARZ,Arizona
248,UTAH,Utah
249,WASH,Washington
250,COL,Colorado
251,CAH,California
252,OREGST,Oregon State
253,UCLA,UCLA
254,STAN,Stanford
255,ARZST,Arizona State
256,WASHST,Washington State
257,BUCK,Bucknell
258,NAVY,Navy
259,BOSTU,Boston
260,LEHI,Lehigh
261,COLG,Colgate
262,LOYMD,Loyola Maryland
263,ARMY,Army
264,HOLY,Holy Cross
265,AMERCN,American
266,LAFAY,Lafayette
267,SC,South Carolina
268,UK,Kentucky
269,LSU,LSU
270,TXAM,Texas A&M
271,FL,Florida
272,GA,Georgia
273,VAND,Vanderbilt
274,MISS,Ole Miss
275,ALA,Alabama
276,ARK,Arkansas
277,TENN,Tennessee
278,MSPST,Mississippi State
279,AUBRN,Auburn
280,MISSR,Missouri
281,CHAT,Chattanooga
282,ETNST,East Tennessee State
283,FURMAN,Furman
284,MERC,Mercer
285,WOFF,Wofford
286,NCG,UNCG
287,WCAR,Western Carolina
288,CITA,Citadel
289,SAMF,Samford
290,VAMIL,VMI
291,SFAUS,Stephen F. Austin
292,TAMU,Texas A&M-Corpus Christi
293,HOUBAP,Houston Christian
294,INCAR,Incarnate Word
295,SMHO,Sam Houston
296,ABCHR,Abilene Christian
297,NO,New Orleans
298,CARK,Central Arkansas
299,MCNST,McNeese State
300,SELOU,Southeastern Louisiana
301,NWST,Northwestern State
302,NICHLS,Nicholls
303,LAMAR,Lamar
304,TXS,Texas Southern
305,SOUTH,Southern
306,JACKST,Jackson State
307,ALCST,Alcorn State
308,MSVLST,Mississippi Valley State
309,ALAAM,Alabama A&M
310,ARPB,UAPB
311,ALAST,Alabama State
312,GRMBST,Grambling State
313,PVAM,Prairie View A&M
314,SDKST,South Dakota State
315,IPFW,Purdue Fort Wayne
316,NEOM,Omaha
317,IUPUI,IU Indy
318,NDKST,North Dakota State
319,DEN,Denver
320,ORAL,Oral Roberts
321,SDAK,South Dakota
322,WILL,Western Illinois
323,ARLR,Little Rock
324,LOULAF,Louisiana-Lafayette
325,TXA,UT Arlington
326,LAMON,Louisiana-Monroe
327,ARKST,Arkansas State
328,GAST,Georgia State
329,GAS,Georgia Southern
330,SALA,South Alabama
331,APPLST,Appalachian State
332,TXST,Texas State
333,TROY,Troy
334,GNZG,Gonzaga
335,STMRY,Saint Mary's
336,BYU,BYU
337,PEPP,Pepperdine
338,SF,San Francisco
339,PACFC,Pacific
340,PORT,Portland
341,SANCLR,Santa Clara
342,SD,San Diego
343,LOYMRY,Loyola Marymount
344,NMXST,New Mexico State
345,GCAN,Grand Canyon
346,CSU,Bakersfield
347,SEA,Seattle
348,UTAHV,Utah Valley
350,UTRGV,Texas-Rio Grande Valley
351,CHIST,Chicago State
352,EMPST,Emporia St.
353,CHAM,Chaminade
354,HDSM,Hardin-Simmons
355,FRMN,Francis Marion
356,BOWST,Bowie St.
357,YORK,York College
361,ALLEN,Allen
362,UMKC,Kansas City
391,NMH,New Mexico Highlands
392,TXAMC,East Texas A&M
393,NWOST,Northwestern Oklahoma State
394,CABAP,California Baptist
396,NAL,North Alabama
397,GBP,Greensboro
398,CWW,Cental Washington
399,CALVW,Calvary
400,CCT,Champion Christian College
401,MGS,Middle Georgia State
402,CALTECH,Cal Tech
403,HHILO,Hawaii Hilo
404,WILCAR,William Carey
405,PINE,Pine Manor
406,STEDWA,St. Edwards
407,TRINB,Trinity Baptist
408,EWUN,East-West
409,SDCHR,San Diego Christian
410,HTILLO,Huston-Tillotson
411,WMT,Montana-Western
412,BETH,Bethesda
413,ALBI,Albion
414,WILB,Wilberforce
415,RUST,Rust College
416,HARTWI,Hartwick
417,REGEN,Regent
418,CLU,Cal Lutheran
419,PORTBI,Portland Bible
420,REIN,Reinhardt
421,CAIR,Cairn
422,CIDAH,College of Idaho
423,FONT,Fontbonne
424,TRINTX,Trinity (TX)
425,CENT,Centenary
426,MRCD,California Merced
427,LEMYN,Le Moyne
428,JANDW,Johnson & Wales (NC)
429,CSSM,Cal State San Marcos
430,LOYOLO,Loyola (LA)
431,TXPB,Texas-Permian Basin
432,BOB,Bob Jones
433,FVST,Fort Valley State
434,WARWIL,Warren Wilson
435,KYCH,Kentucky Christian
436,KOKO,Indiana-Kokomo
437,VOORHE,Voorhees College
440,FRSTBG,Frostburg State
441,UMFK,Maine-Fort Kent
442,SCHREI,Schreiner
443,TRUST,Truman State
444,CENST,Central State
445,DUB,Dubuque
446,HSST,Harris-Stowe
447,MIDAMC,Mid-America Christian
448,CONCAU,Concordia (TX)
449,CARV,Carver College
450,CHRIS,Christendom College
451,WSS,Winston-Salem State
452,GLEN,Glenville State
453,TIFFIN,Tiffin
454,BLOM,Bloomsburg
455,BPARK,Brewton-Parker College
456,HIWA,Hiwassee College
457,MOSCT,Missouri Science & Technology
458,BENE,Benedictine Mesa
459,FLCOL,Florida College
460,LIFE,Life Pacific
461,MILE,Miles
462,AVC,Averett
463,HNAMES,Holy Names
464,MILLIG,Milligan
465,NCWESL,North Carolina Wesleyan
466,ROCHEL,College of New Rochelle
467,WJU,William Jessup
468,MOBILE,Mobile
469,FLMEM,Florida Memorial
470,SPHIL,Spring Hill
471,HOWP,Howard Payne
472,BRESC,Brescia
473,WILBAP,Williams Baptist
474,FISK,Fisk
475,WAWA,Walla Walla
476,COVENA,Covenant
477,TRUE,Truett-McConnell
478,LACOLL,Louisiana College
479,SONO,Sonoma State
480,NWCOLL,Northwest
481,NDOH,Notre Dame College of Ohio
482,BREC,Brevard College
483,STFR,St. Francis (IL)
484,TRIFL,Trinity (FL)
485,STMAMD,St. Mary's (MD)
486,WILMDE,Wilmington (DE)
487,CSDH,Cal State-Dominguez Hills
488,PIEDMO,Piedmont
489,CWA,Central Washington
490,MYVLST,Mayville State
491,JWCO,Johnson & Wales (CO)
492,INNW,Indiana-Northwest
493,COE,Coe
494,NLAND,Northland
495,HOOD,Hood
496,PEACE,William Peace
497,MILLSA,Millsaps
499,MEMAC,Maine-Machias
500,SECOL,Southeastern
501,NWOHIO,Northwestern Ohio
502,FRANU,Franciscan
503,CDRVL,Cedarville
504,GCSU,Georgia College & State
505,STLEO,St. Leo
506,WILEY,Wiley
507,LYON,Lyon
508,BTHKS,Bethany (KS)
509,WILUTH,Wisconsin Lutheran
510,SOUT,Southwest
511,CPENN,Central Pennsylvania College
512,HNTGDN,Huntingdon
513,UWS,Wisconsin-Stout
514,BELLE,Bellevue
515,WILSON,Wilson
516,FIND,Findlay
517,ILBE,Benedictine
518,ROSEM,Rosemont College
519,KEISR,Keiser
520,BRYAN,Bryan College
521,IUSB,IU-South Bend
522,CMELL,Carnegie Mellon
523,WWU,William Woods
605,ROCHMI,Rochester (MI)
606,MARS,Mars Hill
607,CONCMI,Concordia (MI)
608,NEWB,Newbury
609,CCNY,City College of New York
610,MIT,MIT
611,EMENNO,Eastern Mennonite
612,RIVI,Rivier
613,DAVELK,Davis & Elkins
614,LRHY,Lenoir-Rhyne
615,WASHMD,Washington College
616,MID-,Mid-Atlantic Christian
617,RAND,Randolph College
618,WILM,Wilmington (OH)
619,FERRUM,Ferrum
620,LEESMC,Lees-McRae
621,ETXBAP,East Texas Baptist
622,TXWESL,Texas Wesleyan
623,OAKLCT,Oakland City
624,WEST,Westcliff
625,ANGL,Angelo State
626,RCKFRD,Rockford
627,BEMI,Bemidji State
628,UTXT,Texas-Tyler
629,CONCIL,Concordia-Chicago
630,UNIV,University of the Virgin Islands
631,USOUTH,Sewanee
632,KENN,Columbia International
633,WSTMUT,Westminster (UT)
634,CUMBER,Cumberland
635,UAA,Alaska-Anchorage
636,MULT,Multnomah
637,WEBBER,Webber International
638,FLTECH,Florida Tech
639,COLU,Washington Adventist
640,MEVERS,Medgar Evers
641,FLCHR,Johnson (FL)
642,UWPA,Wisconsin-Parkside
643,OGLE,Oglethorpe
644,COLCHR,Colorado Christian
645,MENLO,Menlo
646,SUNY,SUNY-Canton
647,STANDR,St. Andrews Presbyterian
648,EARL,Earlham
649,SEOKST,Southeastern Oklahoma State
650,SWAG,Southwestern Assemblies of God
651,BVU,Buena Vista
652,HNDRX,Hendrix College
653,SWUNIV,Southwestern
654,UPS,Puget Sound
655,ANTE,Antelope Valley
656,DES,DeSales
657,JWFL,Johnson & Wales (FL)
658,BLUMT,Blue Mountain College
660,OLLU,Our Lady of the Lake
661,JARVCH,Jarvis Christian
662,COCOL,Colorado College
663,SIMP,Simpson
664,HUMB,Humboldt State
665,TUSK,Tuskegee
666,SHEN,Shenandoah
667,NOPA,North Park
668,CLAR,Clarion
669,EMER,Emerson
670,GOUC,Goucher
671,GOSH,Goshen
672,WESLEY,Wesley College
673,WAB,Wabash
674,CCAR,LaGrange
675,PRES,Presentation
676,MSV,Mount Saint Vincent
677,BRIDVA,Bridgewater (VA)
678,MIDW,Midway
679,WELC,Welch
680,HEIDEL,Heidelberg
681,MISE,Misericordia
682,QNCY,Quincy
683,WNE,Western New England
684,PENS,Pensacola Christian College
685,UOZA,University of the Ozarks
686,TXLUT,Texas Lutheran
687,MTTECH,Montana Tech
688,MOBAPT,Missouri Baptist
689,URBANA,Urbana
690,ELMS,Elms College
691,CHES,Chestnut Hill
692,SHWN,Shawnee State
693,CRTLND,SUNY-Cortland
694,PFEIFR,Pfeiffer
695,MANC,Manchester
696,HARDIN,Harding
697,TRENAZ,Trevecca Nazarene
698,CSST,Cal State-Stanislaus
699,NAZA,Nazareth College
700,BRYN,Bryn Athyn
701,QNS,Queens College
702,MCKEND,McKendree
703,EWATER,Edward Waters
704,LYND,Vermont State-Lyndon
705,KEAN,Kean
706,MTAL,Mount Aloysius
707,BSC,Birmingham-Southern
708,DU,Dominican (IL)
709,BOYC,Boyce
710,KYWE,Kentucky Wesleyan
711,NGVILL,North Greenville
712,LINCOL,Lincoln (PA)
713,NYIT,NYIT
714,SPALD,Spalding
715,AQUN,Aquinas College
716,ILTECH,Illinois Tech
717,MNMO,Minnesota-Morris
718,WMETTE,Willamette
719,WAL,West Alabama
720,DEF,Defiance
721,ONEO,SUNY-Oneonta
722,ECC,Ecclesia
723,ENM,Eastern New Mexico
724,LEWCL,Lewis & Clark
725,METHOD,Methodist
727,TOUGAL,Tougaloo
728,CONCNE,Concordia (NE)
729,SARE,Salve Regina
730,MOLL,Molloy
731,SWESLE,Southern Wesleyan
732,PBAC,Palm Beach Atlantic
733,WSTMPA,Westminster (PA)
734,SUNYM,SUNY-Maritime
735,STMATX,St. Mary's (TX)
736,MSBOS,Massachusetts-Boston
737,AVEM,Ave Maria
738,NWNAZA,Northwest Nazarene
739,GOVE,Governors State
740,RSCNJ,Stockton
741,JAC,Lindenwood
742,AVIL,Avila
743,HIPACI,Hawaii Pacific
744,EOR,Eastern Oregon
745,FAY,Fayetteville State
746,SWST,Southwest Minnesota State
747,PUCA,Purdue Northwest
748,MCMR,McMurry
749,COKER,Coker
750,DXST,Utah Tech
751,ARMON,Arkansas-Monticello
752,DALCHR,Dallas Christian
753,BTHTN,Bethel (TN)
754,CMPVLE,Campbellsville
755,LAV,La Verne
756,OBER,Oberlin College
757,FLOR,Florida National
758,JOWAL,Johnson & Wales (RI)
759,MCGI,McGill
760,DCKSNS,Dickinson State
761,SKIDMO,Skidmore
762,ELMIRA,Elmira
764,UCSC,California-Santa Cruz
765,WAYB,Wayland Baptist
766,TAMI,Texas A&M-International
767,WCBAP,West Coast Baptist
768,MISSCO,Mississippi College
769,COLL,College of Saint Elizabeth
770,SIENHT,Siena Heights
771,IW,St. Joseph's (NY-Brooklyn)
772,ARBAP,Arlington Baptist
773,SEBAP,Southeastern Baptist
774,OCHIL,Ohio Chillicothe
775,PSWB,Penn State-Wilkes-Barre
776,CASLA,Cal State-Los Angeles
777,NMU,Northern Michigan
778,SDSM,South Dakota School of Mines
779,MONTE,Montevallo
780,CRBN,Corban
784,MSUN,Montana State-Northern
785,FARM,Farmingdale State
786,SWBP,Southwest Baptist
787,NYCT,New York City Tech
789,WCST,Western Colorado
790,BW,Bacone
791,TOM,Thomas
792,ALM,Alma
793,ARTECH,Arkansas Tech
794,MMM,Maine Maritime
795,EMHEN,Emory & Henry
796,CALDW,Caldwell
797,GNV,Geneva
798,GALLU,Gallaudet
799,LUTHE,Luther
800,JDSNE,Judson
801,CRNWE,Carson-Newman
802,NEKEA,Nebraska-Kearney
803,COKLB,Central Oklahoma
804,MRYVLS,Maryville (MO)
805,WIDENP,Widener
806,TAMPAS,Tampa
808,WMPATP,William Paterson
809,MLCW,Midland Lutheran
810,NEBWESP,Nebraska Wesleyan
811,FREEDL,Freed-Hardeman
812,CTCOLLC,Connecticut College
813,WESTMOW,Westmont
814,SKCF,Saint Katherine College
815,PURPAN,Purchase
816,SBERS,St. Bernard
817,MERRI,Merrimack College
818,AKFBN,Alaska Fairbanks
819,XAVLA,Xavier (LA)
820,ERSFF,Erskine
822,JCSG,Johnson C. Smith
823,UMSLR,Missouri-St.Louis
824,CECHT,Central Christian College
825,CHDE,Chadron State
826,BENCR,Benedictine College
827,CBAPM,Central Baptist College
828,CSSBC,CSU San Bernardino
829,LSUAG,LSU-Alexandria
831,CNCUE,Cincinnati Christian
832,OLIVE,Olivet College
833,NDMG,Notre Dame of Maryland
834,CULV,Culver-Stockton
835,TBKT,Thomas University
836,WARUR,Warner
837,CRMTS,Carroll (MT)
838,PERUB,Peru State College
839,UISP,Illinois-Springfield Prairie 
840,WPCK,Warner Pacific College
841,MORRI,Morris College
842,DAKU,Dakota Wesleyan Univeristy
843,PQT,Paul Quinn
844,ROCKH,Rockhurst
845,BPORT,Bridgeport
846,ENAZ,Eastern Nazarene
847,SNOK,Southern-New Orleans
848,PJMC,Pittsburgh-Johnstown
849,ALCE,Alice Lloyd College
850,AHC,Alabama Huntsville
851,SID,Staten Island
852,MOCO,Montreat College
853,LETYJ,Le Tourneau
854,FDMU,FDU Madison
855,FISF,Fisher College
856,HUSSB,Husson
857,WALW,Waldorf College
858,NBRI,Newberry
859,OAKA,Oakwood
860,CRF,Crowleys Ridge
861,NNME,Northern New Mexico
862,MARIK,Marian
863,MMCL,Mount Mary College
864,OWEN,Le Moyne-Owen
865,CCSC,Columbia College (SC)
866,WOU,Western Oregon
867,ASH,Asbury
868,MUSK,Muskingum
869,PHS,Philander Smith
870,OTAZ,Ottawa (AZ)
871,SCSU,Southern Connecticut State
872,WILJ,William Jewell
873,CONV,Converse College
874,BETHB,Anaheim
875,PAIN,Paine
876,ALBS,Albany State (GA)
877,SHOR,Shorter
878,STE,Health Sciences and Pharmacy
879,WMA,Wheaton College (MA)
880,JCSC,New Jersey City
881,PHCH,Philadelphia
883,PACOR,Pacific (OR)
884,MRYV,Maryville (TN)
885,MDV,Michigan Dearborn
886,FLAG,Flagler
887,VF,Valley Forge
888,CURR,Curry College
889,MALONE,Malone
890,CINC,Cincinnati Clermont
891,MVS,Marymount VA
892,FUDF,FDU-Florham
893,RHODE,Rhodes College
894,THIEL,Thiel College
896,CONC,Concordia University (WI)
897,EDMOND,Edmond (OK) Christ
898,OLIVET,Olivet Nazarene
899,ILLWES,Illinois Wesleyan 
900,UAT,University of Texas at Dallas
901,DELTA,Delta State
902,DAVEN,Davenport University
903,WNM,West New Mexico 
904,PLL,Pacific Lutheran
905,EVER,Evergreen State
906,NDM,Notre Dame de Namur
907,HIRAM,Hiram
908,PIKE,Pikeville
909,CHIM,Chicago
910,CROWN,Crown College
911,HAMPT,Hampden-Sydney
912,SPOLY,SUNY Poly
913,EDIN,Edinboro
914,ROCKY,Rocky
915,GETTY,Gettysburg
917,AND,Anderson (IN)
918,NEW,Newport News Apprentice
919,VWH,Virginia-Wise Highland
920,PACI,Pacific Union
921,FAIRS,Fairmont State
922,PHO,Phoenix
923,GORDON,Gordon College
924,SIMPS,Simpson College
925,SUNYPO,SUNY Potsdam
926,ROGERS,Rogers State
927,CORN,Cornell College
928,RED,Redlands
929,BLUE,Bluefield State
930,CONCC,Concord College
931,LESLEY,Lesley
932,FPS,Fresno Pacific
933,TRINIL,Trinity (IL)
934,THOMAS,St. Thomas (TX)
935,OHNO,Ohio Northern
936,SWCU,Southwestern Christian
937,NORTH,North Central
938,ECT,East Central
939,EUREKA,Eureka
940,ED,Edmonds
942,TOCCOA,Toccoa Falls
943,SAGU,SAGU American Indian College
945,POST,LIU Post
946,AUB,Auburn Montgomery
947,GUELPH,Guelph
948,EASTERN,Eastern
949,RIO,Rio Grande 
950,MARTY,Mount Marty
952,WES,Tennessee Wesleyan
953,HASK,Haskell
954,SUMMIT,Clarks Summit
955,GANNON,Gannon
956,FAMILY,Holy Family
957,STLB,St. Thomas (FL)
958,BAC,Belmont Abbey
959,CCMO,Central Christian (MO)
960,SFS,San Francisco State
961,LAND,Lander
962,QUEEN,Queens (NC)
963,RAN,Randall
964,NCMN,North Central (MN)
969,THOM,Thomas (GA)
970,DOANE,Doane
971,CHOW,Chowan
972,SUL,Sul Ross State
973,LINDEN,Lindenwood-Belleville
975,MSJ,Mt. St. Joseph
976,WHIT,Whittier
977,NAS,North American
978,MDW,Michigan-Dearborn
979,OCE,Oklahoma Christian
981,GCL,Georgian Court
983,UMSL,University of Missouri-St.Louis
984,HASKELL,Haskell Indian Nations
985,HFAMILY,Holy Family College
986,PSY,Penn State-York
987,VAN,Vanguard
988,MORE,Morehouse College
989,LEWIS,Lewis
990,CSEB,Cal State-East Bay
991,PLN,Point Loma Nazarene
992,MUHL,Muhlenberg
993,MSM,Minnesota State-Mankato
994,SRU,Slippery Rock
995,SJM,Saint John's (MN)
996,UWW,Wisconsin-Whitewater
997,UWF,West Florida
998,FSB,Ferris State
999,CLRK,Clark
1000,SUB,Shaw
1001,LBB,Livingstone
1002,DBU,Dallas Baptist
1003,OBB,Oklahoma Baptist
1004,DOCP,Dominican (CA)
1005,AAUK,Academy of Art
1006,CUI,Concordia-Irvine
1007,UCSD,California-San Diego
1009,SHP,Shippensburg
1010,RUR,Regis
1011,UCCS,Colorado-Colorado Springs
1012,NTHW,Northwood
1013,ECKC,Eckerd College
1014,MSR,Metropolitan State
1016,RUTC,Rutgers-Camden
1017,CRC,Crowley's Ridge College
1018,VST,Virginia State
1019,VUP,Virginia Union
1020,CUP,Clafin
1021,OHC,Oak Hill Christian
1022,ALF,Alfred State College
1023,DEA,Dean College
1024,TARL,Tarleton State
1025,BELLA,Bellarmine
1028,BEL,Belhaven
1029,INDY,Indianapolis
1030,VAW,VA Wesleyan
1031,PPU,Point Park
1032,ADAMS,Adams State
1033,NG,North Georgia
1034,LIME,Limestone
1035,LBC,Lancaster Bible College
1036,SHRE,LSU-Shreveport
1037,GSW,Georgia Southwestern State
1038,CARO,Carolina
1039,RIC,Rhode Island College
1040,MHB,Mary Hardin-Baylor
1041,TAMT,Texas A&M-Texarkana
1042,CARLOW,Carlow
1043,EMM,Emmanuel
1044,CSC,Columbus State
1045,EVA,Evangel 
1046,TIU,Trinity International
1047,TUP,Transylvania
1048,BCRR,Bluefield College
1049,PUG,Park-Gilbert
1050,LCST,Lewis Clark State
1051,CCGA,College of Coastal Georgia
1052,LUM,Lincoln (MO)
1053,LURE,Life
1054,MIDWS,Midwestern State
1055,SCA,SC Aiken
1056,NCPM,NC Pembroke
1057,TAL,Talladega
1058,TUSC,Tusculum
1059,KEENE,Keene State
1060,FTLAUD,Fort Lauderdale
1061,TRINE,Trine
1062,MRCY,Mercyhurst
1063,STAMB,St. Ambrose
1064,ACU,Arizona Christian
1065,WSHB,Washburn
1066,NEWM,Newman
1067,ACB,Adrian College
1068,CALVIN,Calvin
1069,USMMA,US Merchant Marine Academy
1070,SALEM,Salem
1071,GREENP,Greenville
1073,FDF,Fairleigh Dickinson Florham
1074,CATA,Catawba
1075,SX,Saint Xavier
1076,POINT,Point
1077,LASU,La Sierra
1078,SPC,Spurgeon College
1079,CSM,Colorado School of Mines
1080,FHSU,Fort Hays State
1081,CSUP,Colorado State-Pueblo
1082,YCC,Yellowstone Christian College
1083,DSR,Dalton State
1084,COR,Cornerstone
1085,CCMC,Columbia College
1087,WVT,West Virginia Tech
1088,CSVILLE,Campbellsville-Harrodsburg
1090,LEEU,Lee
1091,STMS,St Martins
1092,WHW,Whitworth
1093,WING,Wingate
1094,BERRY,Berry College
1095,YHAR,Young Harris College
1096,SWAD,Southwestern Adventist
1097,GRGF,George Fox
1098,SVK,Southern Virginia
1099,SCR,Shepherd College
1100,NESTST,Northeastern State
1101,WTAM,West Texas A&M
1102,NMSU,Northwest Missouri State University
1103,CONCMN,Concordia-Moorhead
1104,MANHV,Manhattanville
1105,HAST,Hastings College
1106,HOPE,Hope
1108,WHEEL,Wheeling
1109,SAGV,Saginaw Valley
1110,BUFST,Buffalo State
1111,NYAC,Nyack College
1112,STMN,St. Thomas (MN)
1113,FRED,Fredonia State
1114,CMS,Claremont-Mudd-Scripps
1115,IAW,Iowa Wesleyan
1116,VAS,Vassar
1117,MAFARM,Maine-Farmington
1118,BARC,Barclay College
1119,CEMET,Central Methodist
1120,BAB,Babson
1121,DILD,Dillard
1122,NENGD,New England
1123,AINTL,American International
1124,NEUM,Neumann
1125,GUIL,Guilford
1126,HANO,Hanover
1127,DEPAUW,DePauw
1128,WISSUP,Wisconsin-Superior
1129,ROOS,Roosevelt
1130,MORAV,Moravian
1131,MINDU,Minnesota Duluth
1132,MTOLI,Mount Olive
1133,EMBRID,Embry Riddle
1134,UTENNS,UT Southern
1135,ERIE,Lake Erie
1136,STJME,St. Josephs (ME)
1137,CCC,Carolina Christian
1138,KNOX,Knox
1139,KEYST,Keystone
1140,MARB,Mary Baldwin
1141,WEBSTER,Webster
1142,BETIN,Bethel (IN)
1143,CLINT,Clinton
1144,REGC,Regis College
1145,SUNYNP,SUNY New Paltz
1146,SALB,Salisbury
1147,VULYN,VU of Lynchburg
1148,GWYM,Gwynedd Mercy
1149,ELIZ,Elizabethtown
1150,ARKBA,Arkansas Baptist
1151,UDC,District of Columbia
1152,OHWES,Ohio Wesleyan
1153,ASC,Agnes Scott College
1154,IMM,Immaculata
1155,TAMK,Texas A&M-Kingsville
1156,GEOKY,Georgetown (KY)
1157,PSALG,Penn State-Allegheny
1158,OHVY,Ohio Valley
1159,USAO,University of Science and Arts of Oklahoma
1160,OT,Oregon Tech
1161,KCPA,King's College (PA)
1162,WELLS,Wells College
1163,INWESL,Indiana Wesleyan
1164,WRCT,Worcester Tech
1165,PSBEH,Penn State-Behrend
1166,FRANK,Franklin
1167,GRCHR,Grace Christian
1168,JNCRL,John Carroll
1169,MIVIL,Millersville
1170,LOAKS,Lincoln (CA)
1171,KEUKA,Keuka
1173,UC,Union University
1174,STP,Stephens College
1175,MIAH,Miami-Hamilton
1178,AUST,AUST
1179,LWC,Lindsey Wilson College
1180,MWSU,Missouri Western State
1181,STJNF,St. John Fisher
1182,CENTR,Centre College
1183,WART,Wartburg
1184,BBCPA,Baptist Bible College (PA)
1185,JOHNJ,John Jay
1186,SMSD,College St. Mary
1187,TEXCOL,Texas College
1188,GRCLND,Graceland
1190,JBROWN,John Brown
1191,ST. ,St. Thomas (CAN)
1193,BAPCC,Baptist Christian College
1194,BAKER,Baker
1195,KINGU,King University
1196,MTSTB,Montana State-Billings
1197,BSHNL,Bushnell
1199,FAULK,Faulkner
1200,JTOWN,Jamestown
1201,MCLA,Mass College of Liberal Arts
1202,UNTD,North Texas-Dallas
1203,OHCHR,Ohio Christian
1204,ASHL,Ashland
1205,HIR,Hope International
1206,WCHES,West Chester
1207,UNNY,Union
1208,LHU,Lock Haven
1209,BAPMO,Baptist Bible College (MO)
1210,CLAY,Clayton State
1211,TAY,Taylor University
1212,USI,Southern Indiana
1213,STNH,Stonehill
1214,LCHB,Lynchburg
1215,VCSV,Valley City State
1216,SARL,Sarah Lawrence
1217,CHPM,Chapman
1218,FULT,Fulton-Montgomery
1219,MRCM,Mercy
1220,CMAR,California-Maritime
1221,SALM,Salem College
1222,NRVJ,Northern Vermont-Johnson
1223,BKRS,Bakersfield College
1224,TUFT,Tufts
1225,BLVU,Bellevue College
1226,OSWS,Oswego State
1227,WILK,Wilkes
1228,LYNN,Lynn
1229,OCHT,Ouachita Baptist
1230,SCKY,Simmons College Of Kentucky
1231,HNLG,Hannibal-LaGrange
1232,NWIN,Northwest Indian
1233,MAST,Masters College
1234,ITHA,Ithaca College
1235,COLS,Colby-Sawyer College
1236,STAUG,St. Augustine
1237,PRVD,Providence (MT)
1238,LBVC,Lebanon Valley College
1239,RIT,RIT
1240,KNTS,Kentucky State
1241,ARCD,Arcadia
1242,TCNJ,The College of New Jersey
1243,ALBERTUS,Albertus Magnus
1244,DYOU,D'Youville
1245,STJLI,St. Joseph's (NY-Long Island)
1246,BETKS,Bethel (KS)
1247,MITCH,Mitchell College
1248,JNSN,Johnson (TN)
1249,MDNNA,Madonna
1250,OTTBN,Otterbein
1251,RCHST,Rochester
1252,PITTG,Pittsburgh-Greensburg
1253,SUNYD,SUNY-Delhi
1254,PENNK,Penn State-New Kensington
1255,BALDW,Baldwin Wallace
1256,MCDNL,McDaniel
1257,WVWSL,WV Wesleyan
1258,OKBP,OK Baptist
1259,STMRW,St. Mary of the Woods
1260,BLUFF,Bluffton
1261,PTBGS,Pittsburg State
1262,OCDN,Occidental
1263,BLKBN,Blackburn
1264,STVB,St. Vincent
1265,MAINA,Maine-Augusta
1266,FRMHM,Framingham State
1268,CSTGD,Coast Guard
1269,ANDRN,Anderson (SC)
1270,OHIOD,Ohio Dominican
1271,WSW,Wayne State
1272,BRANDEIS,Brandeis
1273,SONAZA,Southern Nazarene
1274,CAZEN,Cazenovia
1275,MSOE,Milwaukee School of Engineering
1276,CRDST,Cardinal Stritch
1277,LORAS,Loras
1278,LNGST,Langston
1279,HAMLT,Hamilton
1280,AURO,Aurora
1281,MISSW,Mississippi University For Women
1282,NENGC,New England College
1283,SUNYOW,SUNY-Old Westbury
1285,CLM,Calumet College
1286,DAKST,Dakota State
1287,PSBEV,Penn State-Beaver
1288,CEN,Centenary College
1289,MIAMID,Miami-Middletown
1290,MSMBK,Mount Saint Mary
1291,HOUGH,Houghton
1292,KANCH,Kansas Christian
1293,WLIBST,West Liberty State
1294,ECSU,Elizabeth City State
1295,MANS,Mansfield
1296,UOSD,University of Sciences
1297,LOUR,Lourdes
1298,BARR,Barry
1299,VSB,Valdosta State
1300,UOZC,Ozark Christian
1301,JOHN,John Melvin
1302,MVN,Mount Vernon Nazarene
1303,SFU,Simon Fraser
1304,PSALT,Penn State-Altoona
1305,GRAC,Grace College
1306,MUPR,Mount Union
1307,LANE,Lane
1308,VMV,Villa Maria
1309,MARYW,Marywood
1310,MEPRE,Maine-Presque Isle
1311,FRIENDS,Friends
1312,LSS,Lake Superior State
1313,SMSP,Saint Mary
1314,LEHM,Lehman College
1315,TABR,Tabor College
1316,CHEY,Cheyney
1317,WRCST,Worcester State
1318,FELI,Felician
1319,BTHWV,Bethany (WV)
1320,UICOL,United International College
1321,MONIL,Monmouth (IL)
1322,PSUBW,Penn State-Brandywine
1323,ANDRW,Andrews
1324,PSUSK,Penn State-Schuylkill
1325,WTNBG,Wittenberg
1326,DEVAL,Delaware Valley
1327,LRCH,La Roche
1328,PRM,Puerto Rico-Mayaguez
1329,BARD,Bard
1330,ARFS,Arkansas Fort Smith
1331,MMER,Mount Mercy
1333,OKWES,Oklahoma Wesleyan
1334,LINF,Linfield
1335,CLE,Cleary
1336,CUKY,Cumberland (KY)
1337,GREAT,Great Lakes Christian
1338,PSABI,Penn State-Abington
1339,CONCSTP,Concordia-St.Paul
1340,WSLEE,Washington and Lee
1341,CLRKE,Clarke
1342,PLATT,SUNY-Plattsburgh
1343,WIRIV,Wisconsin-River Falls
1344,SNYM,SUNY Morrisville
1345,STANT,Stanton
1347,BERM,Berea College
1348,ROBWES,Roberts Wesleyan
1349,WFIELDST,Westfield State
1350,NCOLLFL,New College of Florida
1351,NAVTC,Navajo Technical
1352,SPFLD,Springfield
1353,SWOKST,Southwestern Oklahoma State
1354,ADELP,Adelphi
1355,NORTHST,Northern State
1356,SUSQ,Susquehanna
1357,STERL,Sterling College
1358,CLATL,Clark Atlanta
1359,GLDBEA,Goldey-Beacom
1361,OPSU,Oklahoma Panhandle State
1362,ESTRO,East Stroudsburg
1363,BRTN,Barton
1366,BIBL,College of Biblical Studies
1367,YORKNE,York (NE)
1368,MINOT,Minot State
1369,LINMEM,Lincoln Memorial
1370,BRIDMA,Bridgewater (MA)
1371,HILCH,Hillsdale
1372,DALCRU,Dallas
1373,KUYP,Kuyper
1374,MWASH,Mary Washington
1375,SRGK,Saint Rose
1376,EDGE,Edgewood College
1377,KUZTWN,Kutztown
1378,WESGA,Wesleyan (GA) College
1379,BRYST,Bryant & Stratton
1380,BLOOM,Bloomfield
1381,DORDT,Dordt
1382,UWSTPT,Wisconsin-Stevens Pt
1383,VITE,Viterbo
1384,FIVE,Five Towns
1385,BIOLA,Biola
1386,MARYM,Mary
1387,WVST,West Virginia State
1388,GVST,Grand Valley State
1389,TMU,Toronto Metropolitan
1390,PPARK,Park-Parkville
1391,UWG,West Georgia
1392,LAKE,Lakeland
1393,MERAA,Meredith
1394,DOMNY,Dominican (NY)
1395,FRANKP,Franklin Pierce
1396,CAP,Capital
1397,JUST,Justice College
1398,TAMSA,Texas A&M-San Antonio
1399,HCS,Holy Cross (IN)
1400,SOR,Southern Oregon
1401,VTSTR,Vermont State Randolph
1402,PITTB,Pittsburgh Bradford
1403,SUNYB,SUNY-Brockport
1404,NELSON,Nelson
1405,MANORC,Manor College
1407,ENDC,Endicott College
1408,PSSHEN,Penn State-Shenango
1409,PSFAY,Penn State-Fayette
1410,PSSCR,Penn State-Scranton
1411,NOBEL,Nobel
1412,BOWD,Bowdoin
1413,RPI,Rensselaer Polytechnic
1414,PRATT,Pratt Institute
1415,STMAMN,St. Mary's (MN)
1416,MARWI,Marian (WI)
1417,DICKPA,Dickinson (PA)
1418,SPBMTD,Spartanburg Methodist
1419,MSOS,Missouri Southern State
1420,AUG,Augusta
1421,STNOR,St. Norbert
1422,CALG,Calgary
1423,RANM,Randolph-Macon
1424,MINC,Minnesota-Crookston
1425,MITECH,Michigan Tech
1426,IUCO,IU Columbus
1427,WSTMMO,Westminster (MO)
1428,INSE,Indiana-Southeast
1429,CHATC,Chatham
1430,CHRSNW,Christopher Newport
1431,NIACOL,Niagara College
1432,UWLACR,Wisconsin-La Crosse
1433,HAVER,Haverford
1434,CARRWI,Carrol (WI)
1435,STILL,Stillman
1436,JOHNS,Johns Hopkins
1437,FORTLEW,Fort Lewis
1438,SUNYGE,SUNY-Geneseo
1439,CHRB,Christian Brothers
1440,RIPO,Ripon
1441,MACAL,Macalester
1442,BLHIL,Black Hills State
1443,YORKNY,York College (NY)
1444,SEAPAC,Seattle Pacific
1445,BETMN,Bethel (MN)
1446,EMMA,Emmanuel (MA)
1447,PRB,Puerto Rico-Bayamon
1448,PRRP,Puerto Rico-Rio Piedras
1449,NELAZ,Nelson (AZ)
1450,POSTU,Post University
1451,STMICH,St. Michael's
1452,BREN,Brenau
